name,email
"Green Wolf",abigayle13@example.net
"Miles Veum",sveum@example.com
"Cora Hills",alynch@example.org
"Dawn Considine",karianne.jast@example.net
"Mr. Pierre Marks MD",jacynthe.lakin@example.org
"Rhiannon Nitzsche",orval.bogisich@example.com
"Dr. Patsy Mills IV",cristina89@example.org
"Dr. Waylon Schimmel Sr.",terrence97@example.com
"Alicia Kub",camilla.lakin@example.net
"Jessika Fay",kimberly.kunde@example.net
"Mikayla Tillman",sheldon23@example.com
"Josh Auer",fanny07@example.com
"Jacynthe Dicki",brown.ariel@example.com
"Cale Kreiger",frida20@example.org
"Eleonore Kshlerin Sr.",lincoln88@example.net
"Charlotte Walker",rosendo47@example.org
"Rozella Lynch",dorothy.goodwin@example.net
"Arch Beahan",darrick33@example.com
"Dr. Haven Hudson",gerlach.dahlia@example.com
"Jedediah Hessel",pbechtelar@example.net
"Mr. Orville Bradtke PhD",ierdman@example.org
"Donnell Veum",amina80@example.net
"Prof. Jarrod Kuphal",goldner.jeffery@example.org
"Prof. Samson Deckow",bertrand.howell@example.org
"Mabel Hand",cdurgan@example.net
"Addison Bartoletti",bernier.isaiah@example.net
"Carey Crooks",iromaguera@example.com
"Ellie Bergstrom",dameon52@example.org
"Stanford Paucek",herbert05@example.com
"Adolf Quigley",dana.hilpert@example.net
"Miss Elyse Gislason",diego.lakin@example.org
"Titus Gerlach",eldridge.hoeger@example.com
"Alvera Konopelski II",quinten.shanahan@example.org
"Bella Spencer",renner.tatyana@example.com
"Prof. Justyn Heaney",teresa.thiel@example.com
"Ethyl Runolfsdottir",jaleel19@example.org
"Prof. Aurelie Walter",lina80@example.org
"Mr. Tatum DuBuque DVM",kub.paige@example.net
"Nichole Barrows I",aleen72@example.net
"Mr. Gaston Reinger",emmanuelle.gulgowski@example.com
"Jevon Lind",mekhi.bayer@example.net
"Wilton Hilpert V",zbayer@example.org
"Esteban Larson Sr.",edna74@example.net
"Helena Luettgen PhD",manuel95@example.org
"Mr. Hugh Miller V",mparisian@example.com
"Mrs. Vita Rodriguez",werner.daugherty@example.org
"Jermain Klocko",deborah97@example.net
"Kevon Cremin",hboyle@example.com
"Miss Raphaelle Bogan III",sonny17@example.com
"Olin Ryan",gilbert.lind@example.org
